,username,description,location,following,followers,totaltweets,retweetcount,text,hashtags
0,Harsh50772571,,,6,0,153,7,"@Stake Let's keep this going...

Admin says we can double that $100 and give $200 of #Bitcoin to a comment with 0 likes in the next 24 hours.

We'll even include everyone who already participated in the original Stake contest.

Good luck!",['Bitcoin']
1,TopMusicBlogger,,,29,106,1429,0,@WatcherGuru Not surprised. Ethiopia will be poor until they adopt bitcoin and usdt.,[]
2,JT12181,,,52,34,1859,3,#BITCOIN GETS ROCKED BY SEC NEWS + #CRYPTO BILL https://t.co/7S1n8RF36k,"['BITCOIN', 'CRYPTO']"
3,Juno_uhuy,You must be your own Motivation ... There are people who hate your advances ...ğŸ‘Š,bogor Indonesia ,1940,113,4166,7,"@Stake Let's keep this going...

Admin says we can double that $100 and give $200 of #Bitcoin to a comment with 0 likes in the next 24 hours.

We'll even include everyone who already participated in the original Stake contest.

Good luck!",['Bitcoin']
4,NFTbull_offical,Slightly obsessed with blockchain,,209,48,617,1163,#Bitcoin is a certain thing in an uncertain world.,['Bitcoin']
5,silentgeforce65,"about fiat inflation, bitcoin
#bitcoin
#DCA
#StackSats
#Hodl",,331,154,454,230,"Weâ€™re going to see a race to accumulate #Bitcoin on the nation state level, says Samson Mow @Excellion",['Bitcoin']
6,sathishkumary94,#Bitcoin Believer/#Crypto AnalyserğŸ§ğŸ§/#Blockchain learner/IndianğŸ‡®ğŸ‡³.,India,240,324,9844,493,"JUST IN: The FED is now pricing goods in #BTC 

#Bitcoin is a unit of account ğŸš€ https://t.co/Mz8wuvRXh3","['BTC', 'Bitcoin']"
7,wi_s_bitcoin,"I'm just an apple who loves art, math, programming & ğŸŠğŸ’Š #Bitcoin # will go to as fiat goes to O Hyperbitcoinization will be hyperbolic #Stock2FOMO #GetOnZero",,0,0,95,2,"You have 5-10 years to stack as many sats as you can before the robots take all of our jobs.
https://t.co/9kw6k2omf0",[]
8,ArtteckR,"ğ–£” ê‹¬ê‹ªê“„ê“„ê‚ê‰”ê€˜ ğ–£” 

#Btc  #Bnb  #Trx  #solana

ğŸ‡§ğŸ‡·",,129,7,183,63,Everything Divided BY âˆ/21 Million #Bitcoin https://t.co/dIIACFE8Wk,['Bitcoin']
9,dheojhane09,"ALWAYS BE POSITIVE!!!!ğŸ˜ƒğŸ˜ƒğŸ˜ƒğŸ˜‡
#TigerArmy

7zJk7y9cjfHGUyfSmh4saHUUC9q3fLJ2vBLfT36p1XuS",Republic of the Philippines,2476,262,7460,2230,"Remember, if #BitcoinÂ doesnâ€™t reach $40,000 in 24 HOURS (June 7th), weâ€™re giving away $1,000 to one lucky follower! ğŸ’°

LIKE â¤ï¸ &amp; FOLLOW âœ… TO ENTER!!

(Giveaway basically GUARANTEED!)",['Bitcoin']
10,wi_s_bitcoin,"I'm just an apple who loves art, math, programming & ğŸŠğŸ’Š #Bitcoin # will go to as fiat goes to O Hyperbitcoinization will be hyperbolic #Stock2FOMO #GetOnZero",,0,0,95,9,"Unlike our current monetary system, #Bitcoin is an open and transparent system whose true inflation rate (1.79%) is known by all. Anyone anywhere in the world with a $100 node and an internet connection can audit the system and confirm this number for themselves.",['Bitcoin']
11,88plus2,"She who has everything, but owns nothing ...",Aircoins Metaverse,23,145,3727,13,"Look at all those people leaving coins behind! Don't be like them, download the AIRCOINS App in the app store and start your hunt in the #metaverse today!
.
.
.
#AIRCOINS  #AugmentedReality  #Crypto #Bitcoin #MobileGaming  #android #ios #googleplay #BSC #NFT #P2E #movetoearn https://t.co/zG2PbaW496",[]
12,JustinD30267153,OutgoingğŸ”¥ğŸ”¥ğŸ”¥,,95,17,10,0,The fastest thing alive. âš¡ï¸ğŸ’¯ğŸ’¨https://t.co/0R1gEM1aGv#nft #cryptocurrency #web3 #bitcoin #art #gamedev,"['cryptocurrency', 'web3', 'bitcoin', 'art', 'gamedev']"
13,xangle_intern,Data Junkie | Intern at @Xangle_Official,"Seoul, South Korea",281,44,77,0,"- Bitcoin miners are capitulating?

https://t.co/0O7nZTiciE",[]
14,VickWowo,xPunkÂ¹â¶Â¹Â¹Â¹ + 0xApeÂ¹â´â¶Â²â· | Sports & web3 Strategy Advisor @microsoft | @expansionpunks DAO MSW | RugDAO Council | @beckywowo 3:33ğŸ’ **NFA & views are my own**,The Punkverse,2168,4711,19830,7,"2/3 In the interpretation of VR pioneer Jaron Lanier and economist  @glenweyl, the paper shows decentralization is more an ideology than a property of the Bitcoin technologyâ€¦.

https://t.co/BOJid3N54e",[]
15,sathishkumary94,#Bitcoin Believer/#Crypto AnalyserğŸ§ğŸ§/#Blockchain learner/IndianğŸ‡®ğŸ‡³.,India,240,324,9844,27,The Wild West-focused battle royale #blockchain game Grit will soon be available via the Epic Games Store and accessible to 194 million users. https://t.co/ROjBuT4nc1,['blockchain']
16,xangle_intern,Data Junkie | Intern at @Xangle_Official,"Seoul, South Korea",281,44,77,0,"24 hours in CryptoğŸ§µ

- Senator @CynthiaMLummis will be introducing the highly anticipated ""Bitcoin Bill"" tomorrow

- Redacted Cartel launches Pirex, a $CVX incentive platform on Ethereum mainnet, bringing liquid wrapping and auto-compounding to vote-locked CVX holders.",[]
17,AsaadElfeky,My eyes - blue.),"Scotland, United Kingdom",678,79,1633,255,"#Bitcoin'Fear and Greed' Index remains at 10, extreme fear. https://t.co/uJkFmSK2NG",['Bitcoin']
18,R65831652,"Crypto Investor, Artist, NFT enthusiast",NFT,2683,566,934,0,"Layoffs Spread Across Blockchain Industry as Bear Market Cycle Impacts Crypto Firms â€“ Bitcoin News https://t.co/YZ1AufH309 
#NFTdrop #NFTdrops #NFTGiveaway #NFTGiveaway #NFTProject #NFTGiveaways #NFTs #NFTCollection #NFTFreeMint #nftfree","['NFTdrop', 'NFTdrops', 'NFTGiveaway', 'NFTGiveaway', 'NFTProject', 'NFTGiveaways', 'NFTs', 'NFTCollection', 'NFTFreeMint', 'nftfree']"
19,flurb789,"Nothing here is financial advice. Stack sats before it's too late. 

If you feel so led: 
bc1qvz4td704m0x2l2vwvhv8nuxtjtdhne9dgzj304",the blockchain,24,8,4,0,@BitcoinMagazine this will be a game changer for mass #Bitcoin adoption.,['Bitcoin']
20,sathishkumary94,#Bitcoin Believer/#Crypto AnalyserğŸ§ğŸ§/#Blockchain learner/IndianğŸ‡®ğŸ‡³.,India,240,324,9844,10,"Don't be this guy...

#Bitcoin https://t.co/OgLTjg3E2Q",['Bitcoin']
21,wi_s_bitcoin,"I'm just an apple who loves art, math, programming & ğŸŠğŸ’Š #Bitcoin # will go to as fiat goes to O Hyperbitcoinization will be hyperbolic #Stock2FOMO #GetOnZero",,0,0,95,4,GM. Fuck shitcoins. ğŸ–• https://t.co/LTgBFGQDVJ,[]
22,HeadlinesOT,"The Headlines of Today is a World News Website, Provide World News, International Breaking News, Tech , spots and entertainment News",Mumbai,1550,331,41419,0,3iQ launches 3iQ CoinShares Bitcoin Feeder ETF and 3iQ CoinShares Ether Feeder ETF with lowest fee structure onÂ market https://t.co/IeRjZGpnyF,[]
23,nuworldcrypto,"24/7 Crypto News â”‚ BTC, ALTS, NFTs â”‚ Crypto Education â”‚ Content Creator â”‚ Crypto Analystâ”‚ NuWorld Crypto TV","North Carolina, USA",4973,3202,12221,0,"When Bitcoin has its first green weekly close in a couple of months, and people talk about going long on BTC...  
#bulltrap #cryptotrading #crypto #Bitcoin #BTC $BTC https://t.co/ezzywPLMmE","['bulltrap', 'cryptotrading', 'crypto', 'Bitcoin', 'BTC']"
24,PennBrewery,"""Brewing Craft Before Craft Was Cool""","Pittsburgh, Pennsylvania",513,10552,5297,9,"5 short summer weeks away! Hope to see yinz at @PennBrewery on July 16!! Come visit with @JasonMack99 @BobbyDarby3 @PeggyC616 @Bitcoin_Country @chaintuts @IHeartCrypto @michaelt0x and many more! R.S.V.P. to save your spot! Join me at Beer, Brats, &amp; Bitcoin https://t.co/JGXvMSYis3 https://t.co/wsKLQzeGaz",[]
25,pitopitomm,GOLD(#XAUUSD)BTC(#BTC)ãƒ¡ã‚¤ãƒ³ã®å…¼æ¥­ãƒˆãƒ¬ãƒ¼ãƒ€ãƒ¼ï½œçµŒå–¶è€…ï½œã²ã¨ã‚Šã”ã¨+ BOTãƒ„ã‚¤ãƒ¼ãƒˆï½œmqlï½¥pineã‚¤ãƒ³ã‚¸é–‹ç™ºï½œã‚¤ãƒ³ã‚¸ã‚±ãƒ¼ã‚¿ãƒ¼ãƒˆãƒ¬ãƒ¼ãƒ€ãƒ¼(ç„¡è£é‡ã‚·ã‚°ãƒŠãƒ«ä¹±ã‚Œæ‰“ã¡ğŸ”«ï¼†MT4ãƒ†ãƒ³ãƒ—ãƒ¬ã‚·ã‚¹ãƒ†ãƒ ç‹™ã„æ–¬ã‚Šâš”ï¸ã®äºŒåˆ€æµ)ï½œ é…’(ç¦é…’ä¸­)ğŸ»ãƒ•ã‚©ãƒ¼ãƒˆãƒŠã‚¤ãƒˆğŸ®R&BğŸµï½œ è‡ªåˆ†ç”¨ã®é…ä¿¡Discordé–‹æ”¾ä¸­â¬‡ï¸,JAPAN,1435,3684,11336,0,"BOT by UpTrend GOLD M15 at 1840.55
June 07, 2022 at 10:45AM

#GOLD #BTCUSD #ã‚´ãƒ¼ãƒ«ãƒ‰ #ãƒ“ãƒƒãƒˆã‚³ã‚¤ãƒ³ #XAUUSD #Bitcoin","['GOLD', 'BTCUSD', 'ã‚´ãƒ¼ãƒ«ãƒ‰', 'ãƒ“ãƒƒãƒˆã‚³ã‚¤ãƒ³', 'XAUUSD', 'Bitcoin']"
26,SwatiDR3,à¤«à¥‰à¤²à¥‹ à¤¬à¥ˆà¤• à¤²à¥‡à¤•à¤° à¤…à¤¨à¤«à¥‰à¤²à¥‹ à¤•à¤°à¤¨à¥‡ à¤•à¥€ à¤—à¤²à¤¤à¥€ à¤¨à¤¾ à¤•à¤°à¥‡à¤‚ à¤•à¥à¤¯à¥‹à¤‚à¤•à¤¿ à¤œà¥‹ à¤…à¤¨à¤«à¥‰à¤²à¥‹ à¤•à¤°à¤¤à¥‡ à¤¹à¥ˆà¤‚ à¤‰à¤¸à¥‡ à¤¹à¤® 8 à¤˜à¤‚à¤Ÿà¥‡ à¤•à¥‡ à¤…à¤‚à¤¦à¤° à¤…à¤‚à¤¦à¤° à¤…à¤¨à¤«à¥‰à¤²à¥‹ à¤•à¤° à¤¦à¥‡à¤¤à¥‡ à¤¹à¥ˆà¤‚  à¤¸à¤¤ à¤¸à¤¾à¤¹à¥‡à¤¬,"à¤—à¤‚à¤—à¤¾à¤¨à¤—à¤°, à¤­à¤¾à¤°à¤¤",5296,15065,220485,1,I Bought Bitcoin in 2010  BTC 55000 @Bitcoin @BitcoinMagazine @binance  @cz_binance  @elonmusk @VitalikButerin @Shibtoken @dogecoin @CryptooAdy @cryptoamanclub https://t.co/IH87LJSLAZ,[]
27,Wiley1695,"No fear of words ,no fear of years",,2,1,38,0,"Bitcoinâ€™s price surged by a total of about 18% in the past four days, leaving upwards of $229 million worth of short positions liquidated.",[]
28,CryptolabMobile,"We analyze ICOs, cryptocurrencies and news, making cryptosphere available for everyone.",,15,4721,240994,0,Even Giants Started Out Small: Cooperation and the Early Days of Bitcoin https://t.co/fnyPP0WTia,[]
29,NovianaPadmasa1,melangkah maju,,4,2,5,181,"If #bitcoin only gets to 1% of global wealth, thatâ€™s a 10x from here.

If it gets to ~3%, thatâ€™s $1 million per coin.

If it gets to 10%, the numbers wonâ€™t matter because no one will even remember what the US dollar is.",['bitcoin']
30,KingdomZild,"Fix the money
Fix the world",,351,56,2984,0,"@TJtradesTA @abebut @Tyler_Burd3n @RealWillyBot @BitcoinMagazine @Hut8Mining Compare bitcoin to the entire monetary network because Bitcoin starts from there, including mining for gold, minting for coins/notes, storage, central banks, banks, auditors etc.",[]
31,sajuali0459,Ilove  allah. I love my work & i love my life,,126,4,558,0,"@SonOfHusky This project looks amazing. I am interested, and I will support this project until it is successful 

@Nohu92720793

@Shahajan123

@Shurov747

#cryptocurrency #Airdrop #BSC #Bitcoin #USDT #SonOfHusky #SOH #Airdropstario","['cryptocurrency', 'Airdrop', 'BSC', 'Bitcoin', 'USDT', 'SonOfHusky', 'SOH', 'Airdropstario']"
32,CryptoSignal_LS,"Log in to Telegram.
It gives you a high-quality signal.
LV2 telegram channel is not bot.
3traders analyzing charts (NOT bot)",,17,70,1139,0,"ğŸ“‰SHORTğŸ“‰
$AAVE
ğŸ”¥#AAVE
ğŸ’°Entry Price = 98.1
ğŸ“ŒStop loss: go to the telegram channel
#AAVEUSDTPERP #crypto #signal #bitcoin","['AAVE', 'AAVEUSDTPERP', 'crypto', 'signal', 'bitcoin']"
33,ApeStackin,"I am CyberKong #981 #407, Gutter Cat Gang #1466, MoonCat #24072",Falador W2,2649,5708,30342,150,"Since the birth of #Bitcoin, this GOLDEN OPPORTUNITY only comes around every 2 years or so.

Let's celebrate. 
This is no time to complain. 

#BTC #Crypto https://t.co/DQBjYvurRu",['Bitcoin']
34,MilesTaylor47,,,423,2047,39927,0,@2BlockChainz3 @CryptoKng81 Institutions never bought the fuck out of bitcoin in a run before,[]
35,jobellomorales,"DiseÃ±o GrÃ¡fico/Branding/Logos
Creador de la colecciÃ³n NFT ""The Hummingbirds Around the World"" en @opensea",Venezuela,290,348,67858,58,"#Bitcoin level of engagement:

ğŸ”´ Level 1: BTC on exchange
ğŸŸ  Level 2: BTC on hot wallet
ğŸŸ¢ Level 3: BTC on cold wallet
ğŸ”µ Level 4: BTC node running 
âš«ï¸ Level 5: BTC mining 

Where are you at the moment? Whatâ€™s your highest goal?",['Bitcoin']
36,bobbyMAXWELLrod,26 | Professional Trader | #Bitcoin | SamoDao Founder | SMB | Okay Bears | https://t.co/CG9Tu1vvm0,200w MA,176,829,1171,0,"Dumping as anticipated. 

Its all probabilities and statistics. Think of the price action like a bouncy ball. The bounces get smaller after each one. Don't fight the momentum, trade with the current until it stops.

$BTC #BTC #Bitcoin https://t.co/XFB4EQeinc https://t.co/2PPYEYUSBV","['BTC', 'Bitcoin']"
37,DogecoinPostive,Why Dogecoin WOW? SETI WOW Signal. I give good thoughts to Dogecoin community.,"New York, NY",121,348,9395,0,Nuked. #Bitcoin #dogecoin @elonmusk,"['Bitcoin', 'dogecoin']"
38,BTCYN,"â‚¿uy #bitcoin ğŸ¦¢ https://t.co/ZqJz6t8XjO iâ€™m your reply guy, retweeter & energy buyer of last resort. did you notice nyc spelled backwards in my handle?",NYC,1798,1237,107003,1,"@DTAPCAP @BitcoinMagazine Yes that St. Louis Fed blog link is real. What i gleaned
-Eggs are not a good store of value
-Bitcoin is deflationary
-Federal Reserve Bank is talking about btc",[]
39,TadNugent,Arsenal Football Club. General nonsense. USA. Will follow back all Gooners.,"St. Louis, MO USA",1623,744,16560,236,"The Fed wrote a post showing the price of eggs in USD and Bitcoin, comparing them over the last year, showing Bitcoin as more volatile and unpredictable.

Only problem was they forgot to zoom out

https://t.co/WrCyaI4NP6 https://t.co/rJVbedAs2z",[]
40,ComeAtMeBroBTC,Mining fiat and buying #bitcoin,,619,674,2346,0,@sehaislam No need. You can zoom out now on the chart on the website. Bitcoin is winning and itâ€™s not even close.,[]
41,sathishkumary94,#Bitcoin Believer/#Crypto AnalyserğŸ§ğŸ§/#Blockchain learner/IndianğŸ‡®ğŸ‡³.,India,240,324,9845,17,"#BTC STABILIZATION-IMPULSE-ACCELERATION TO 100K ğŸ”¥

#Bitcoin #Crypto https://t.co/A3rUAznjDG","['BTC', 'Bitcoin', 'Crypto']"
42,brittpayne1212,#DiamondHands #AMC #GME ğŸ’ğŸ¤²ğŸ‘±ğŸ¼â€â™€ï¸,,534,621,4691,31,"#bitcoin meltdown? Party starts at market open
Tuesday 6/7/2022
Link ğŸ¤Œhttps://t.co/iT0ghT1qCgğŸš¨
#AMC #GME meme stocks 
#IYKYK MOASS IMMINENT https://t.co/vKduITdrE0 https://t.co/PwbzuPlfyc","['bitcoin', 'AMC', 'GME']"
43,BanPlasticWorld,IF YOU WANT TO STOP PLASTIC PRODUCTION. SHUT PLASTIC PRODUCTION DOWN!,,452,219,12444,0,@zerohedge #Bitcoin energy claims are FRAUD. The #Bitcoin pyramids PONZI scam is FRAUD! https://t.co/xBbEwuxk3F,"['Bitcoin', 'Bitcoin']"
44,MrPappagorgio02,"I put in a quarter, I win some satoshis! #Bitcoin",,247,56,372,0,@jevauniedaye Find out if itâ€™s possible to live inside a Bitcoin.,[]
45,berkanlenck,CEO of @bsneak1resell @shinecom_ @shinecryptoc |E-Commerce Company: @Shine. ğŸ  Real estate| Instagram: Berkanlenck / Bsneak1 | #crypto #btc #NFT | write my book,Worldwide,62,3606,10109,0,"#BitcoinÂ  mining encourages renewable energy investments
- Forbes",['Bitcoin']
46,KushMansPicks,"Find the bottoms & the tops will come 
My opinions are mine & I recommend 0
No â²ï¸ for negative mindset
Do your own DD, I do

#BottomFishingğŸ£ #Charts #Startups","Ontario, Canada",62,10393,42186,0,"@Peyton68886432 @LuxxfolioH Maybe they got their order pushed as most of these manufacturer's are behind in shipments...  

'Mining btc to pay bills is a terrible business.' 

Really???.. 

Costs the co $7,900 to mine ONE $BTC &amp; what is a #bitcoin worth these days?

1/2",['bitcoin']
47,i_game187,"To be me, myself & I! Trying to make both of my worlds. Enlighten thinker. Increasing my knowledge to be a better person. My brain on Crypto & Blockchain.",U.K,2783,350,8483,1,"BTC #bitcoin USD : MASSIVE BULL FLAG, MEASURED MOVE TARGET $200K for BITSTAMP:BTCUSD by bitgolder https://t.co/xJ6EeiFp9o https://t.co/W6jcYPrDOG",['bitcoin']
48,BtcCheap,Andy Khun's 1 year long NFT art series on SuperRare,ëŒ€í•œë¯¼êµ­ ì„œìš¸,10,129,205,1,"#156

Death Denied

@SuperRare @SuperRareBot @kokoonjr

#bitcoin  #ethereum #nft #nftcommunity #andykhun #cryptoart #NFTartist #ArtistOnTwitter #DamienHirst #deathdenied #saatchigallery 

https://t.co/CEa0Y03srC https://t.co/1tQLExDeyy","['bitcoin', 'ethereum', 'nft', 'nftcommunity', 'andykhun', 'cryptoart', 'NFTartist', 'ArtistOnTwitter', 'DamienHirst', 'deathdenied', 'saatchigallery']"
49,TheProfitsComAu,"Racing Worldwide + TheProfits Owner + Writer
Twitch Streamer on GTA RP NoPixel - Attorney Ferst Temple
Previously @Betfair_Aus + @The_Mail_Bag Tips Writer","Melbourne, Australia",16330,23986,167942,0,"In a world where bitcoin and off-shore betting markets exist, racing bodies really are just trying to dry up the on-shore betting it seems. https://t.co/gAwdJ2l4Iu",[]
50,outofthemoney1,"I like stocks, IPAs and my cat.",Panama,271,57,1270,2,"I take my Bitcoin like I take my avocado.

Smashed, on toast. https://t.co/Gycl7RxI4E",[]
51,pushpendras14,Crypto Trader,,737,96,963,1366,"Bitcoin Price On This Day - Jun 6, 2022
TODAY: $31,437
1 year ago: $35,862
2 years ago: $9,654
3 years ago: $7,822
4 years ago: $7,654
5 years ago: $2,863 https://t.co/nyxzSVtges",[]
52,luckiegepsv,â€¢ home's a person â€¢,uh idk,4670,1250,86437,7430,"ğŸ“¢Big Day Tomorrow

#Coinsbit trading competition tomorrow

18:00 UTCâ²ï¸

Remember we did over $10million txn volume ğŸ”¥ days after #coinsbit listing

Winners will be rewarded with $TiFi tokens ğŸ†

#TiFi #Altcoin #COINMARKETCAP #Bitcoin #bsc #DeFi #Binance https://t.co/mdixuzebTW",['Coinsbit']
53,Barchart,"Through data and technology Barchart helps people and businesses with Investing, Trading and Risk Management.","Chicago, IL",2771,27390,26064,0,"This is fascinating!  Research shows that since the end of 2019, the majority of #Bitcoin $BTC gains have been generated after U.S. equity markets closed. https://t.co/0GlQBxbG3P",['Bitcoin']
54,sagarjha966,My Moon is BTC,India,3751,144,4974,0,"@AirdropDet This is a great project, with a great community and will be a great project.
Don't be late, let's join!

@Sahrul48501743 
@Ramadantaufik1 
@Nil30682891 

#Airdrops #OsimiCity #Bitcoin #AirdropDetective","['Airdrops', 'OsimiCity', 'Bitcoin', 'AirdropDetective']"
55,0x_LUNC,"I am use this BOT to make profit everyday, if you not familiar with flash loan DON'T USE THIS BOTğŸ‘‡ğŸ‘‡ğŸ‘‡","Ottawa, Ontario",65,9,43,0,JUST IN : #Bitcoin price continue down to $20000,['Bitcoin']
56,Fhiaku,Big Win come to Mama pleaseeeee,"Kota Palu, Sulawesi Tengah",2332,153,8802,80,"Win $2000 worth of clean mined $BTC!  ğŸ†â›ï¸

Can you come up with a character that fits our game? Show us! 

Rules in thread ğŸ§µ
 
#contest #designcontest #artcontest #crypto #BTC #giveaway #cryptocurrency #gaming #game #playtoearn #p2e #bitcoin #cleanmining https://t.co/eG4dKEbaK1",[]
57,Han_btc,wÎ±$ wÎ±7Î±Î²!+ Ï€Î± Â¢!$Î± Â¢Î±#Î±Î²Â¤Ï€ $btc $flux,Philippines,259,72,968,570,"$1.6B of Gold vs. $1.6B of Bitcoin

Which one do you think is the future? https://t.co/InJDbJ2IIZ",[]
58,Blaqthorr,Finance |FilmmakerğŸ¬| 2A AdvocateğŸ§¹| Content Creator ğŸ|Political CommentaryğŸ“¡| Senior Director âœ|Engineer | Humility is a journey we must all take.,"Montana, USA",204,249,30566,0,Wooooah bitcoin thooo lol ğŸ˜† https://t.co/xOHyQHYF7Y,[]
59,CryptoBYND,"""Beyond Modern Monetary Theory"" 
#Bitcoin",,44,32,139,236,"The Fed wrote a post showing the price of eggs in USD and Bitcoin, comparing them over the last year, showing Bitcoin as more volatile and unpredictable.

Only problem was they forgot to zoom out

https://t.co/WrCyaI4NP6 https://t.co/rJVbedAs2z",[]
60,HaileyNatalie54,"ğ™€ğ™‰ğ™ğ™ğ™€ğ™‹ğ™ğ™€ğ™‰ğ™€ğ™ğ™ ğŸ–ğ™€ğ™“ğ™‹ğ™€ğ™ğ™ ğ™ğ™ğ˜¼ğ˜¿ğ™€ğ™  ğŸ’µğ˜½ğ™„ğ™ğ˜¾ğ™Šğ™„ğ™‰,ğŸ’¯% ğ™‹ğ˜¼ğ™”ğ™Šğ™ğ™ ğŸ“Šğ™ğ™Šğ™“ğ™€ğ™ ğ™ğ™ğ˜¼ğ˜¿ğ™€ğ™  ğŸ–¥ğ˜½ğ™„ğ™‰ğ˜¼ğ™ğ™” ğ™ğ™ğ˜¼ğ˜¿ğ™€ ğ˜¼ğ˜¾ğ˜¾ğ™Šğ™ğ™‰ğ™ ğ™ˆğ˜¼","Crossville, TN",17,5,41,0,"Another payout received today ğŸ™ğŸ’°, if at now my followers you still doubting how I make my profit, sorry! Youâ€™re missing a lot.. I never regret investing my bitcoin..DM NOW for sure and secured profitable platform link for your bitcoin investment, itâ€™s ğŸ’¯ risk free... . . https://t.co/DRFBZVTyAw",[]
61,BTCYN,"â‚¿uy #bitcoin ğŸ¦¢ https://t.co/ZqJz6t8XjO iâ€™m your reply guy, retweeter & energy buyer of last resort. did you notice nyc spelled backwards in my handle?",NYC,1798,1237,107003,493,"JUST IN: The FED is now pricing goods in #BTC 

#Bitcoin is a unit of account ğŸš€ https://t.co/Mz8wuvRXh3","['BTC', 'Bitcoin']"
62,Penelop24184441,Iâ€™ve got 99 problems but crypto ainâ€™t one.,,9,0,7,4,Bitcoin as a payment system has already failed. There are better ways of doing payments and gen pop doesnâ€™t care about decentralisation. The best pitch for bitcoin is - store of value.,[]
63,cworldalerts,Crypto World Alerts | Portal de noticias de Criptomonedas #Bitcoin # Ethereum #Altcoins | Noticias de NFT @nftreviewmarket  | Partners @allmedgroup @beoruscorp,EspaÃ±a,57,6398,7763,0,#NUEVA ALERT CRYPTO #cryptonews #noticiascriptomonedas #NoticiasCrypto este momento  Crypto World Alerts https://t.co/cJXVL1hIeQ Gracias a @BitcoinFNewsES @Charlotte_de_R @maykers #nft #bitcoin,"['NUEVA', 'cryptonews', 'noticiascriptomonedas', 'NoticiasCrypto', 'nft', 'bitcoin']"
64,berkanlenck,CEO of @bsneak1resell @shinecom_ @shinecryptoc |E-Commerce Company: @Shine. ğŸ  Real estate| Instagram: Berkanlenck / Bsneak1 | #crypto #btc #NFT | write my book,Worldwide,62,3606,10109,1366,"Bitcoin Price On This Day - Jun 6, 2022
TODAY: $31,437
1 year ago: $35,862
2 years ago: $9,654
3 years ago: $7,822
4 years ago: $7,654
5 years ago: $2,863 https://t.co/nyxzSVtges",[]
65,Betak77,Anime is best,,1,0,2,0,"This zesty faucet from @_bitcoiner is making me tweet this to claim my free Lightning sats. âš¡

@boltcoiner unlock me 48d1b797-6b05-4e66-9432-e1b0cd3fbd4d

#Bitcoin #BTC #LN #LightningNetwork #boltcoiner
https://t.co/Ui0eeb7HGE","['Bitcoin', 'BTC', 'LN', 'LightningNetwork', 'boltcoiner']"
66,TM68106107,"Crypto Enthusiast. HODL $SHIB ğŸš€ Here for #SHIBA, Crypto, and humor #SHIBARMYUNITED",.01 Moon,204,19,604,38,"Bitcoin Fear and Greed Index is 15 â€” Extreme Fear
Current price: $30,190 https://t.co/d5UC1382QL",[]
67,HelzAdvocate,"Hobby Crypto and Pot stock trader. Not a professional, but I love studying these two markets and believe they are the future for small traders to grow in.","Missouri, US",64,26,308,0,The hardest parts of trading crypto are days like today. Knowing that it'll come back and being patient on your trades. #Bitcoin #AVAX #Cardano #AlchemyPay,"['Bitcoin', 'AVAX', 'Cardano', 'AlchemyPay']"
68,wi_s_bitcoin,"I'm just an apple who loves art, math, programming & ğŸŠğŸ’Š #Bitcoin # will go to as fiat goes to O Hyperbitcoinization will be hyperbolic #Stock2FOMO #GetOnZero",,0,0,98,5,I know most of you are #Bitcoin maximalists but the results of this poll still surprised me. Good to know that #bitcoin is already the unit of account many of us use to measure our net wealth! https://t.co/J402gnRH6K,"['Bitcoin', 'bitcoin']"
69,wi_s_bitcoin,"I'm just an apple who loves art, math, programming & ğŸŠğŸ’Š #Bitcoin # will go to as fiat goes to O Hyperbitcoinization will be hyperbolic #Stock2FOMO #GetOnZero",,0,0,98,1,"Can't be *easily* reorged or rolled back. The point is, #Bitcoin is the only implementation of blockchain that can be trusted to remain unchanged while also growing at a sustainable pace in order to remain decentralized.",['Bitcoin']
70,sathishkumary94,#Bitcoin Believer/#Crypto AnalyserğŸ§ğŸ§/#Blockchain learner/IndianğŸ‡®ğŸ‡³.,India,240,324,9845,23,"#Bitcoin Bullish Descending Broadening Wedge about to Breakout ! ğŸ”¥

#BTC #Crypto https://t.co/SdBqWE25P8","['Bitcoin', 'BTC', 'Crypto']"
71,brookeyoakam,CEO & founder @giftpocket | sophomore @bostoncollege | @TedX speaker | transforming the gift card industry,,398,397,345,0,"No one:

Web3 Peopleâ€™s Bios: âœ¨ I work in Web3 ğŸ’ª NFTs ğŸ¤ª Bitcoin ğŸ“ˆ  CREATING ğŸ‘ŠğŸ½ THE FUTURE OF DAOs ğŸš€ NFT NYC ğŸ™ŒğŸ»",[]
72,PujaSaikiaIndia,College StudentğŸ‘©â€ğŸ“,"Assam, India",5001,225,3865,34,This short pump in #Bitcoin will shift  some peopleâ€™s opinion on this bear market. The rare sight of green in this market is a great sign to not be fearful and to keep faith in the future of the #cryptocurrency market ğŸ‘ğŸ‘,['Bitcoin']
73,ayyBCH,"Bitcoin Class of 2013, #BTC died when the blocksize was capped, accumulate #BCH because #Bitcoin + #Ethereum = #smartBCH",,393,801,2496,0,"@rogerkver @saylor #Bitcoin a Peer to Peer Electronic Cash System, @saylor https://t.co/CPxtom0ATw",['Bitcoin']
74,sathishkumary94,#Bitcoin Believer/#Crypto AnalyserğŸ§ğŸ§/#Blockchain learner/IndianğŸ‡®ğŸ‡³.,India,240,324,9845,19,"Learn #Bitcoin, earn bitcoin! ğŸ™Œ Enroll our FREE 21 days of Bitcoin email course and stack some sats!

â­ï¸ Win at least 2,100 sats
ğŸ“© 21 days of short educational emails
ğŸ§  Learn Bitcoin 101

Enroll today! â¡ï¸ https://t.co/rQ2j5myHF4 https://t.co/HEXPGLVMGj",['Bitcoin']
75,__codak__,"Software Engineer. Investor. Human, all too human.",,776,431,4323,0,"Side note: generally accepted that the best guess for satoshi is either Hal Finney or Nick Szabo (interviewee), but either way Nick invented Proof of work &amp; the theoretical predecessor to #Bitcoin",['Bitcoin']
76,martwanted,"â€˜Keep it simple. Perfection is lots of little things done wellâ€™. - Marco Pierre White

Chef in Heart & Mind | Demons | Traders",,322,491,56952,2,"I take my Bitcoin like I take my avocado.

Smashed, on toast. https://t.co/Gycl7RxI4E",[]
77,Nohely_457,"Definirse es limitarse, simplemente soy yo.",Valencia-Venezuela,83,60,400,0,"@MartiniGuyYT It would be more convenient for me to get a win in usdt, but bitcoin is also not badğŸ˜€",[]
78,rugbybear1995,,,161,12,708,1,Still waiting for this gap and buy zone to buy more #Bitcoin https://t.co/9vuHJmyMPX,['Bitcoin']
79,sathishkumary94,#Bitcoin Believer/#Crypto AnalyserğŸ§ğŸ§/#Blockchain learner/IndianğŸ‡®ğŸ‡³.,India,240,324,9845,463,JUST IN - Over 11k comments have been submitted to the SEC in support of Grayscale's #Bitcoin ETF ğŸ‘,['Bitcoin']
80,junitac33126850,,,1,0,96,140,"Help Elon find his dog Floki in this fantasy video. What is our future? Utopia or dystopia / Heaven or hell / Angels or demons? Whatever awaits, the future is decentralised.
#Web3 #dWeb #decentralized #blockchain #bitcoin #ethereum #cryptocurrency #dogecoin #future #dWebGuide",[]
81,wi_s_bitcoin,"I'm just an apple who loves art, math, programming & ğŸŠğŸ’Š #Bitcoin # will go to as fiat goes to O Hyperbitcoinization will be hyperbolic #Stock2FOMO #GetOnZero",,0,0,98,9,It's funny how people still don't get it. Just sit down and think about it for a minute. Why is blockchain so important? In order to make an immutable ledger. Is there any other implementation of blockchain that can't be reorged or rolled back? No. #Bitcoin is the only one. https://t.co/w1r8jL54GT,[]
82,juarazr,"Cut me and I bleed content.
I write at Cuma Satu Byte.",CGK,683,1163,50929,30,"I'm sure this project will be a success because in it there are great people who together create an extraordinary project for a better future.â¤ğŸ”¥ğŸš€

@mithilesh2551
@mahendr11724795

@magipop_dao 
#BubbleObservers 
#Airdrop #bitcoin #giveawey
@cctip_com airdrop 0.0001 ETH 50 https://t.co/1By6JNTdQn",[]
83,glenweyl,"Father, Husband of @ProfTortuga, Jew, Pluralist, @Microsoft Office of CTO PolEcon & Social Tech (OCTOPEST), Fndr @RadxChange, Co-Author Radical Markets, he/him.","Kirkland, WA",269,24261,17769,7,"2/3 In the interpretation of VR pioneer Jaron Lanier and economist  @glenweyl, the paper shows decentralization is more an ideology than a property of the Bitcoin technologyâ€¦.

https://t.co/BOJid3N54e",[]
84,selalanaer,Semi-retired Crypto trader #Bitcoin Sharing knowledge for a hobby. https://t.co/9YrVGcPkdo Discord: https://t.co/aUjfdJfast,Europe,0,17817,154,181,"If #bitcoin only gets to 1% of global wealth, thatâ€™s a 10x from here.

If it gets to ~3%, thatâ€™s $1 million per coin.

If it gets to 10%, the numbers wonâ€™t matter because no one will even remember what the US dollar is.",['bitcoin']
85,Crytpon3rd,#CoinHuntWorld Hunter. Earn free #BTC & #ETH by clicking here: https://t.co/cq9uAxGoQY. Join us on the WPB https://t.co/RlMW8h9aDB.,"Wellington, FL",859,412,2792,1,"Frishkoa found #bitcoin in a User vault at this location! Join me playing #coinhuntworld, It's awesome! https://t.co/k8HY2E7Ywk #cryptocurrency #127029 https://t.co/r9xBRdKQU0","['bitcoin', 'coinhuntworld']"
86,Mark48282093,Crypto enthusiast,,141,5,1,0,"@profit8lue You seem to post more when  btc drops in price. Is it not better we all buy now and make it go up to 100k, than let it dump to 20k or below and then it goes to 60k probably. Negativity is the psychology that dumbs Bitcoin.. just saying..",[]
87,Henrisama_,,,23,7,212,3,"Your Feeling? ğŸ˜‚

$CBFI #Bitcoin #cryptomemes https://t.co/MHC1w2nVgX","['Bitcoin', 'cryptomemes']"
88,wi_s_bitcoin,"I'm just an apple who loves art, math, programming & ğŸŠğŸ’Š #Bitcoin # will go to as fiat goes to O Hyperbitcoinization will be hyperbolic #Stock2FOMO #GetOnZero",,0,0,98,2,"At what block height did you send or receive your first txn on the #Bitcoin time-chain? If you don't want to dox yourself, give a range. Mine was between 588,000 and 589,000. Got 120,000+ confirmations on that bad boy!",['Bitcoin']
89,PraKillaGramm52,PA/SM/NFT,,104,22,460,0,Am I doing it rite ? #btc #bitcoin #alts https://t.co/E8HbmflbsS,"['btc', 'bitcoin', 'alts']"
90,AdanHerreraHer1,,,121,17,241,2328,"Top 10 Cyptocurrencies in the World by Twitter Followers (04/JUN/2022) 

1. #BNB Binance 8.99M
2. #Bitcoin 5.31M
3. #Dogecoin 3.40M
4. #SHIB 3.38M
5. #Ethereum 2.59M 
6. #XRP 2.51M
7. #CRO 2.21M
8. #Solana 1.87M 
9. #Polygon 1.52M
10. #BabyDoge 1.43M","['BNB', 'Bitcoin']"
91,intangiblecoins,"Head of Firmwide Research @GalaxyDigitalHQ ğŸš€ğŸš€ Prev: @AvonVentures, #Bitcoin Research @Fidelity",ğŸ‡ºğŸ‡¸ğŸ›©ğŸŒ,998,17673,6202,0,"@nic__carter yeah, lots of hyperbolic language just from NYT in characterizing bitcoin. but also, isnâ€™t extranonce analysis similar to what @SDLerner did with patoshi?",[]
92,DeeanMr,"Blockchain and Cryptocurrency
CEO JeroJero App","Pekan Baru, Riau",48,18,193,3,"Your Feeling? ğŸ˜‚

$CBFI #Bitcoin #cryptomemes https://t.co/MHC1w2nVgX","['Bitcoin', 'cryptomemes']"
93,JasonLongDickey,"Priest/Prophet, inventor, writer, comedian, poet.  Love games, anime, superheroes and scifi.  Moderate.  
#GodIsLove",,539,492,30528,0,@michaelianblack Buy some Bitcoin Cash now while it's low and you might be a billionaire. ;),[]
94,wi_s_bitcoin,"I'm just an apple who loves art, math, programming & ğŸŠğŸ’Š #Bitcoin # will go to as fiat goes to O Hyperbitcoinization will be hyperbolic #Stock2FOMO #GetOnZero",,0,0,98,5,"The difference with the largest #bitcoin investors and the largest ETH investors, one plans to HODL indefinitely, the other plans to eventually sell for fiat gains (or #bitcoin gains if they're smart). This is one of the many reasons why #bitcoin will outperform ETH long term.",['bitcoin']
95,ERRN_91,bitcoin is Monetary Freedom | Get Your BTC Off Exchanges ! | Not Your ğŸ”‘ Not Your ğŸ§€,Citadel,1804,610,3116,1,"Would you rather have the price of the goods you purchase go up or down over time? 

If down, consider using Bitcoin as money.

Disclosure: This tweet is sponsored by @stlouisfed https://t.co/zuJ9a6viBY",[]
96,JustinJ369,"Follow for excellent updates on the news that moves the markets str8 from the Titans
#Bitcoin #Dogecoin @Elonmusk @APompliano
It's a beautiful day. LFG!!!","Colorado, USA",155,99,1400,0,"@APompliano Definitely  #Bitcoin 
ğŸ’¯",['Bitcoin']
97,SumHexican,,,432,266,836,127,"I'm so tired of being called a Ponzi schemer because I mined #Bitcoin in 2011, 50 $BTC per block rewards, solo, no pool. $BTC is not Ponzi!",['Bitcoin']
98,thiagolins__,Thiago,,69,9,670,109,#Bitcoin is at $30000! #BabyDogeCoin   #BabyDogeArmy,"['Bitcoin', 'BabyDogeCoin', 'BabyDogeArmy']"
99,champagne_air,idgd_isgd,Ireland Kerry ballybunion ,4996,1423,84724,1,"The opportunities to buy #Bitcoin below $30K is right in front of us.

Smart investors see dips as opportunities. #BTC","['Bitcoin', 'BTC']"
